{
  "project_info": {
    "project_number": "841554233420",
    "firebase_url": "https://cookbook1-b489b-default-rtdb.asia-southeast1.firebasedatabase.app",
    "project_id": "cookbook1-b489b",
    "storage_bucket": "cookbook1-b489b.appspot.com"
  },
  "client": [
    {
      "client_info": {
        "mobilesdk_app_id": "1:841554233420:android:2c611093ddea2b2bf94ce9",
        "android_client_info": {
          "package_name": "com.example.cookbook"
        }
      },
      "oauth_client": [
        {
          "client_id": "841554233420-jtat8k5vm6bmqtsvispfa0ntvfef5tf0.apps.googleusercontent.com",
          "client_type": 1,
          "android_info": {
            "package_name": "com.example.cookbook",
            "certificate_hash": "b497bf4b26e211efd6b5e674c697d0611ba5d7cb"
          }
        },
        {
          "client_id": "841554233420-0asbu1lnq2l7fst4lonc2r4n34ji3952.apps.googleusercontent.com",
          "client_type": 3
        }
      ],
      "api_key": [
        {
          "current_key": "AIzaSyAoJh-Bq_gRE38rOqZdAVKNrBQOCHc_KbM"
        }
      ],
      "services": {
        "appinvite_service": {
          "other_platform_oauth_client": [
            {
              "client_id": "841554233420-0asbu1lnq2l7fst4lonc2r4n34ji3952.apps.googleusercontent.com",
              "client_type": 3
            }
          ]
        }
      }
    }
  ],
  "configuration_version": "1"
}